{
  "models": {
    "Logistic Regression": {
      "accuracy": 0.5090455396132252,
      "precision": 0.25026624068157616,
      "recall": 0.7389937106918238,
      "f1": 0.3739061256961018,
      "roc_auc": 0.6314171744610038
    },
    "Random Forest": {
      "accuracy": 0.6712414223331253,
      "precision": 0.24940047961630696,
      "recall": 0.3270440251572327,
      "f1": 0.2829931972789116,
      "roc_auc": 0.6018647676382057
    },
    "XGBoost": {
      "accuracy": 0.6731129132875858,
      "precision": 0.298828125,
      "recall": 0.4811320754716981,
      "f1": 0.3686746987951807,
      "roc_auc": 0.6414739495387024
    },
    "LightGBM": {
      "accuracy": 0.654398003742982,
      "precision": 0.2958477508650519,
      "recall": 0.5377358490566038,
      "f1": 0.38169642857142855,
      "roc_auc": 0.6483836233267259
    }
  },
  "train_rows": 6420,
  "test_rows": 1603,
  "train_target_rate": 0.32772585669781934,
  "test_target_rate": 0.198378041172801,
  "data_mode": "sector_only"
}